Username,Message
ryrowo,a company was one day away from releasing remastered mw2 with all mw3 guns and maps and acti sent them a ceast and desist
itehknique,with mtx though
jad_fang_noxious,Enemy AC130 Above!
itehknique,need the multi
rngeesus47,@ITehknique they can at least make the HUD and graphics similar TriSad
i_try_to_win,Soviet_Squirel peepoT
hamother,i played a shite tonne of cod4 remaster
itehknique,@RNGeesus47 need those sounds back
dandiestmcgee,Mr mammal isn't t bow best inslot?
ryrowo,i would love to see farmers play new zombies lol
ananas_wow,when i was younger i didnt know how to connect my ps3 to wifi so i just played cod campaign over and over lol
scrazeloppe,do u ever regret alching it?
malware_hunt,mammal idk how to describe the feeling but the bow is close i can sense it
trenton1201,"Hey mammal, watching UFC 309 at all?"
itehknique,this is the inferior version but still firee
eioquence,what if i gave you a nice lil spank next year
eioquence,would you alch it for me
adr1928,alch shadow next hehe
eioquence,i regret saying that
itehknique,HUHH
itehknique,lookUp
pentatrate,loooool
hamother,HUH
piron4,/ban eloquence
itehknique,gachiSpank
1hpwarrior,mommy? sorry mommy?
itehknique,lookUp
blood3gle,"next year is robin random roulette, you fill the invy with suff and robin alchs one item"
big_bwanana,am i trippin or do the tunes sound weird? lmao
blood3gle,"yeah, shes fuck you over, so its a win for us"
desmet02,have mommal do it
desmet02,surely
spam_4head,who robin
silentgoof,you act like she wouldnt still choose something to grief you a little
zombietaint,"Jordan, how much did you pay jagex to turn off the tbow so you can farm infinite content?"
piron4,One of your friends that usually pops by on the stream could do it too
420thenewb,new vid was great mammal thumbnail was sick too
blood3gle,robin would pick whatever you wouldnt complain about most to her
spam_4head,were u in military mammal
blood3gle,mammals war has been in zeah
noeloriki,he's in the trenches of cox right now
silentgoof,he just was born lookin that way
corpimagni,Cox squadron
itehknique,@NoelOriki HUH
themilkrs,Did you go to college
spam_4head,ive been trenched by many cox myself
kingjbus2,"@Mr_Mammal I think you missed my song request, but finish stairway to heaven first. I love this song."
itehknique,Listening
trogbite,"Every bank slot gets a number, 10 random ones get deleted. Could be supplies, could be shadow"
xanhero,guaranteed your first people in leagues will be a tbow
scavange,mutta will kill you.
xanhero,purple even
itehknique,jesus christ @Scavange
itehknique,thats dark KEKW
kingjbus2,all g tyty
datdankpurpv2,wow i finally know who stole the name Dank from me
datdankpurpv2,ratttt
view0,not even the correct version of stairway smh
itehknique,pepeJAM AAAA
itehknique,THANK YOU view0
floshed_enthusiast,wheree gachi?
bxs__,pepeJAM AAAA
itehknique,pepeJAM AAAA
silentgoof,@view0 jimmy's hands sound too sober in this version
nightbot,Enjoying the Stream? Feel free to click that follow button! Check out my Youtube channel if you enjoy my content! (also try !mammalot ) https://www.youtube.com/user/MrExplosiveMammal
itehknique,AAAA RockTime
cf_darcy,Is zgs not the move in mutt room or do you need t bow to dps mumma?
cf_darcy,That too
cf_darcy,Rather consistency
floshed_enthusiast,have you tried ice barrage? mammalBarrajj
twitchname22200113442,!yesterday
nightbot,1x Ancestral Recolor Kit
1hpwarrior,peepoT
rngeesus47,catJAM
twitchname22200113442,!today
nightbot,"Some kids make-a-wish wish is for Mammal to get a Tbow, and sadly mammal is failing that kid"
cova_lol,"you should alch it and grind another one, oooh wait"
itehknique,wideVIBE
cascadecolin,not a humble mutta
god_slow,catJAM
rabbit_dude,catJAM
bobby_deee,oh shit Vibes
vnibbsyv,pepeL
megawheats,RareParrot
itszordan,pepeL
god_slow,catJAMPARTY
extra__mid,"Yikes, I see why you hate this room"
vengearch,GL on dragon hunter bow
rngeesus47,holy shit
mr_felps221,pepeD
floshed_enthusiast,RareParrot
rngeesus47,that made me think of a video
kingjbus2,I believe he's pretty big
itehknique,RareParrot
kingjbus2,pepeD
pleb_jesus,pepeD pepeD pepeD pepeD pepeD pepeD pepeD pepeD pepeD pepeD
trogbite,I feel like most well known edm artists really only have a handful of songs people know
cf_darcy,"Not EDM related but I went to a festival and Coolio showed up, played gangsters paradise once and left"
rngeesus47,Cheer100 https://www.youtube.com/watch?v=dEI7oX0XxJw
hamother,he did that 'in my mind ' edm song aswell
view0,Oh god david guetta
view0,this clip is so cringe but so iconic
rngeesus47,LUL
ananas_wow,hes french
bobbibugatti,!today
nightbot,"Some kids make-a-wish wish is for Mammal to get a Tbow, and sadly mammal is failing that kid"
rngeesus47,its so funny
hamother,david baguetta
trainerbluetv,"Dude made Titanium, didn't he"
eioquence,@view0 klay
view0,@EIoquence yuh
rngeesus47,@hamother LaBaguette
trainerbluetv,Far and away one of the most popular songs of its time
floshed_enthusiast,@RNGeesus47 stopbeingFrench
im_mera,"love the youtube videos man <3 goodluck, praying for bowie here"
floshed_enthusiast,FirstTimeChadder
luke_fliegen,david?
mr_felps221,paidchatter
luke_fliegen,oh
itehknique,stopbeingFrench
bxs__,paidchatter
xcrawdaddy,Is gamba open? MODS
rngeesus47,x0r6ztGiggle
bxs__,"ITehknique i left to get a beverage, did you get a superior PauseHype"
luke_fliegen,@xCrawDaddy yes
rabbit_dude,I see why Tbow has the pricetag it does now
insomn1ous,this vid oh god
hamother,NotLikeThis
bobby_deee,FeelsStrongMan
renion,3Kool
bxs__,oh god not this x0r6ztGiggle
turdcatcher22,Thanks david
1hpwarrior,is that B0aty?
rngeesus47,Happi
1hpwarrior,Kappa
xcrawdaddy,@Luke_Fliegen ty :)
wicked_artist,danse
itszordan,bro
scrazeloppe,LOL
buttvillain,KEKW
nightbot,48534 KEKW
bxs__,danse
rougemaniac,danse
netami1,!today
nightbot,"Some kids make-a-wish wish is for Mammal to get a Tbow, and sadly mammal is failing that kid"
hamother,no way thats the song KEKW
turdcatcher22,nah
toist1g,is this real?
bobby_deee,OMEGALUL
bxs__,it was a weird time man...
itehknique,@bxs__ no Sadge
jeizon_born,tbf the song was edited
cascadecolin,KEKW
ananas_wow,its just so ridiculous lol
view0,I don't think that's the actual song
scavange,"i dont get it, its a english barrier for me too, can someone explain"
aim120_amraam,pepeD
xmrofficialx,how dry are you for bow at this point
insomn1ous,"honestly even without the edit its pretty tough to watch, its so awkward"
rngeesus47,this is a WalterVibe for sure
bxs__,@ITehknique also why dont you have me added in game Madge
bobby_deee,oh shit Jamgie
hamother,BabyRave
striker8_0,this is a tune
scavange,is the shoot out the issue? meaning gun shot?
1hpwarrior,WalterVibe
rngeesus47,WalterVibe
sickgoblin27,WalterVibe
mr_felps221,WalterVibe
hamother,WalterVibe
megawheats,WalterVibe
blacksaucony,VVKool
renion,This is the same vibe as BBC radio being interrupted by Prince Philips death
bobby_deee,WalterVibe
itehknique,@bxs__ Monka idk why dont i
reyald_,WaterVibe
floshed_enthusiast,What's your RSN so I can add you to my ignore list? @ITehknique
god_slow,VVKool
1hpwarrior,dizzyHydrate @Reyald_
itehknique,@Floshed_Enthusiast reallylargecock
floshed_enthusiast,@ITehknique NICECOCK
bxs__,@Floshed_Enthusiast x0r6ztGiggle
rngeesus47,lookUp
scuffdcharz,mammalHug
n_ate,mammalHug
1hpwarrior,NICECOCK
itehknique,whats your rsn bxs__
god_slow,mammalHug
rangahhh73,have you tried to Goblin Bow emote before finishing olm
elitetjz,"why does he looked so locked in, in that emote"
itehknique,https://www.youtube.com/watch?v=c8HZ3gQVSOo
bxs__,@ITehknique envx 1
natey415,!today
nightbot,"Some kids make-a-wish wish is for Mammal to get a Tbow, and sadly mammal is failing that kid"
luke_fliegen,@EliteTJZ it was getting bodied by awakened levi
renion,3Kool
view0,hardstyle pauseCat
aim120_amraam,pepeD ó €€
1hpwarrior,pepeL
floshed_enthusiast,this isn't vanguards HUH @ITehknique
rngeesus47,pepeL
elitetjz,@Luke_Fliegen makes sense
noeloriki,pepeL
bxs__,pepeL
itehknique,@Floshed_Enthusiast x0r6ztGiggle
wicked_artist,PepoHug mammalShadow
whatthefussell,!today
nightbot,"Some kids make-a-wish wish is for Mammal to get a Tbow, and sadly mammal is failing that kid"
1hpwarrior,@diaryofmatt 73 x0r6ztGiggle
catchyouslackin,!subs
nightbot,"3,351 people are currently subscribed"
itehknique,lawn keeper? OMEGALUL bxs__
itehknique,wideVIBE
bobby_deee,Catting
hamother,zyzzPls zyzzBass zyzzPls zyzzBass zyzzPls zyzzBass zyzzPls zyzzBass zyzzPls
1hpwarrior,dizzyRave dizzyRave
theborho,Diddles
nightbot,5763 Diddles
rngeesus47,ppOverheat
megawheats,pepeL
wicked_artist,RareWoox
hamother,zyzzPls zyzzBass zyzzPls zyzzBass zyzzPls zyzzBass zyzzPls zyzzBass zyzzPls  ó €€
mr_felps221,RareWoox
floshed_enthusiast,RareWoox
bobby_deee,RareWoox
rngeesus47,RareWoox
cascadecolin,catJAMPARTY
itehknique,RareWoox
mr__note,Any anys this chest? PauseChamp
callmevarsity,zl zizter zmammal
bxs__,@ITehknique dont ask x0r6ztGiggle
1hpwarrior,STARTING OVER AAAA
common_bob,ratSpin WideRaveTime
floshed_enthusiast,lawn keeper? @bxs__
itehknique,@bxs__ Huh
cheapodepot,give bow
nightbot,Join Mr_Mammal's community Discord! https://discord.gg/McjBxxBBhV
callmevarsity,starting over olm PepeLaugh
itehknique,Joel WideRaveTime
i_am_t0ny,@mr_mammal check throb rob please
notproanymore,zl on zbow
reddove33,tbow incomming
hamother,BabyRave BabyRave
mr__note,Joel WideRaveTime
callmevarsity,Joel
floshed_enthusiast,hi Tony
wicked_artist,Kreygasm
rngeesus47,that would have been the best tbow in the history of tbows
reyald_,Holy
turdcatcher22,Kreygasm
megawheats,Kreygasm
mr__note,pogg
i_am_t0ny,@mr_mammal check Throbrob
mr_felps221,Kreygasm
scooternuts,pogg
jaysrule24,Kreygasm
turdcatcher22,IMGONNACUM
pumpkinking92,!today
nightbot,"Some kids make-a-wish wish is for Mammal to get a Tbow, and sadly mammal is failing that kid"
luke_fliegen,woww
descendencee,the JUICE
unphazed__,we take those
the_fire_bro,just missing dragon arrows
scavange,is better than many purple chests also
i_am_t0ny,@mr_mammal check Throbrob
pleb_jesus,damn 1 mil in runes
itehknique,WICKED
scavange,or you rather get a scroll
noeloriki,immaculate regular? That's literally better for you than every non t-bow drop right now
animazism,dragon arrows for your t bow
itehknique,HUH
1hpwarrior,@I_am_T0ny hi peepoChill
yumyumfatthyme,!lastpurple
nightbot,"Arcane Prayer Scroll (2,698 regular, 673 CM)"
itehknique,id rather not
kas87,"5k shamans no hammer, when can i make my reddit post?"
itehknique,WideJigglin
jaysrule24,pepeL
rngeesus47,BabyRave
megawheats,pepeL
itehknique,wideVIBE
1hpwarrior,PAN AAAA DORA AAAA
mythiczeta,danse
reyald_,pepeL pepeL pepeL pepeL pepeL pepeL pepeL pepeL
mythiczeta,Textge
i_am_t0ny,Look at the video Robin saved
floshed_enthusiast,Textge
rngeesus47,Listening
noeloriki,Textge
floshed_enthusiast,Tony must've written a fuckin' essay and a half
fohrm,how many throws has he pulled
luke_fliegen,hypee mr mammal9
mythiczeta,peepoCheer
cascadecolin,KEKW
bxs__,LOLOL
nightbot,48535 KEKW
aeisr_,lmao
sylpill,LUL
thegroogrux,peepoClap
fenthule,mammal party pogg
scooternuts,hell yeah lmao
turdcatcher22,Hell yeah
megawheats,peepoCheer MR MAMMAL
1hpwarrior,xdd
noeloriki,sounds like a fun party
elitetjz,they are cheering you on for the tbow
brendanh117,thats like my head every day
rougemaniac,peepoCheer mr mammal peepoChat
rngeesus47,peepoCheer MR MAMMAL
thegroogrux,!today
nightbot,"Some kids make-a-wish wish is for Mammal to get a Tbow, and sadly mammal is failing that kid"
spam_4head,that was beautiful
bxs__,Cheergi  MR MAMMAL
brugos,zuh
hamother,i thought that was the sound of a monkey bomb initally
mr_felps221,if its not a mammal party its not a party
reyald_,Love some hype peeps like them!
scuffdcharz,peepoT MR. MAMMAL peepoT peepoT MR. MAMMAL peepoT peepoT MR. MAMMAL peepoT peepoT MR. MAMMAL peepoT peepoT MR. MAMMAL peepoT peepoT MR. MAMMAL peepoT peepoT MR. MAMMAL peepoT peepoT MR. MAMMAL peepoT peepoT MR. MAMMAL peepoT peepoT MR. MAMMAL peepoT
steveshay,must be a summoning circle for your T-bow
rngeesus47,x0r6ztGiggle
itehknique,looks like a circle jerk YEP
fearbeardyt,Baited
fohrm,how many tbows has he pulled
joonie123,jagex hates friendship confirmed
rngeesus47,lookUp
floshed_enthusiast,pepegaSpam @scuffdcharz
freesince76,We sippin bro say hi ðŸ˜˜
boosehaven,Cult?
evilstar34,Tonyâ€™s story sent me
bxs__,@ITehknique GroupWankge
56leafclover,SPAM THIS ðŸª TO HELP MR MAMMAL
evilstar34,MR MAMMAL MR MAMMAL
itehknique,@bxs__ gruopwank
1hpwarrior,THIS
rngeesus47,@ITehknique jorkers
floshed_enthusiast,THIS @56LeafClover
itehknique,GroupWankge
mythiczeta,THIS
itehknique,jorkers
vnibbsyv,jorkers
noeloriki,they're watching you right now
xmrofficialx,"@Mr_Mammal even though you alched it for charity, do you ever wish you didnt?"
noeloriki,man won't even say hi
scooternuts,cheers!
humorme93,!TODAY
nightbot,"Some kids make-a-wish wish is for Mammal to get a Tbow, and sadly mammal is failing that kid"
mr_felps221,THIS
i_am_t0ny,@floshed_enthusiast idk what took him so long lmao
juicerock,she just said imagine unimaginable colors
itehknique,whoever is there give tony a kiss for me
lil_honathan,!today
nightbot,"Some kids make-a-wish wish is for Mammal to get a Tbow, and sadly mammal is failing that kid"
fohrm,show the tabs
floshed_enthusiast,PepegaLoad I guess @I_am_T0ny
56leafclover,danse
vnibbsyv,danse
ciced,!song
nightbot,look below camera
1hpwarrior,danse
a_b_p,"Gm Jordan, heard you mald and say I'm going to brighter shores, which got me thinking, have you tried it out.... Is there a vod :p @mr_mammal"
luke_fliegen,WalterVibe
i_am_t0ny,@itehknique there's alot of people 12 kisses
bxs__,danse
floshed_enthusiast,RareWoox
mr__note,danse
itehknique,@I_am_T0ny Plotge
itehknique,danse
dandiestmcgee,<3
aim120_amraam,pepeL
dandiestmcgee,love the vibz my guy
a_b_p,Chat has he tried out brighter shores
ananas_wow,just unlocked rigour pogcrazy
a_b_p,Sadge
bxs__,pepeL
56leafclover,"I heard the tbow is locked until you try it, tough luck"
a_b_p,^KEKW
itehknique,KEKW
nightbot,48536 KEKW
itszordan,how bright is your shore
artifactzerotv,"im on brighter shores, osrs and your stream all right now lmao"
nights_creed,W song
astrovelo12,can we close the gamba
common_bob,you can brighten my shore anyday
a_b_p,Loved your last vid Jordan hope you get the tbow beast gl @mr_mammal
astrovelo12,dopamine recieved
astrovelo12,received*
xmrofficialx,do we feel like there is a need for another raid? also do we ever want higher level gear.. or is osrs kinda maxed out.
rngeesus47,CrabLaugh
mythiczeta,Watching you pull nothing but Tbows from TOB will be fun in leagues x0r6ztGiggle
itehknique,CrabLaugh
noeloriki,is CG with mid 80's mage/range and no cox prayers painful or doable?
turdcatcher22,x0r6ztGiggle
hamother,vibeeparty
a_b_p,It's happening KEKW
raspberrytea,Still going for tbow ? GL sir
noeloriki,excellent
floshed_enthusiast,I'm gonna snipe at least one megarare from him Evilge @MythicZeta
jaysrule24,they should have dupe protection for mega rares during leagues tbh nodd
noeloriki,that's fine; I can train up a few levels
itszordan,cg is alway painful
tnums,I think it'll be like a mega rare weapon trinket where you choose
silersun,@itsZordan I love CG :)
mythiczeta,"@Floshed_Enthusiast True, so long as you can make it through the raid x0r6ztGiggle"
kidlivid_,"@NoelOriki its easy, i started cg @ 80s"
klagartin,Hi Big WOOOTTTY
noeloriki,@kidlivid_ yes but i am bad at the game
silersun,Hello chat o/
kidlivid_,@NoelOriki I started rs in march
cascadecolin,@NoelOriki i was too and did cg in the 80s
kidlivid_,I just did tier 2
cascadecolin,it's easy once you learn hun
burlybrawler,Mom grab the camera im on the Mr. Mammal live stream!
silersun,"NoelOriki never bad to train stats, always cushions PvM in one way or another nodd"
hamother,"just seen a new medical weed strain called 'Cement Shoes', interesting"
mythiczeta,I was so bad at CG when I started I couldn't even reliably t2
teemayy,"Hey Man, Love the stream. Just wanted to let you know that my dad would kick your dads ass."
noeloriki,"@Silersun very true, 87 ranged and 85 mage isn't too bad for doing it I hope"
itehknique,@hamother get it and bring it over nodd
bxs__,sniffthenewchatter
cascadecolin,"@MythicZeta same lol, now i just zoom through t1.  it's like anything else, you get better"
hamother,@ITehknique  stuckass
itehknique,@teemayy tell him to find mine and kick his please
silersun,"as much as I don't mind CG Prep, I'm excited for leagues to skip prep entirely x0r6ztGiggle"
dogmasta90,and sometimes it just screws you
kidlivid_,@NoelOriki ur stats rn?
tnums,Consistent t3 preps are impressive
sirdabzal0t,my cg luck is horrendous i have 320 kc 1 armor seed
cilkae,Iron Mammal rank 1 CoX or tbow. What comes first?
cute_cat_videos,!today
nightbot,"Some kids make-a-wish wish is for Mammal to get a Tbow, and sadly mammal is failing that kid"
dogmasta90,"I had one today wasn't paying much attention to shards, was one short"
mythiczeta,Did you know Curtis is ranked 5 for HmTOB irons? x0r6ztGiggle
cute_cat_videos,well thats a today command
n_ate,How many Tbows has THAT guy had tho
itehknique,best part is vetricci is the makeawish kid KEKW
cilkae,some people like CoX ;)
floshed_enthusiast,@MythicZeta peepoDepressed
mythiczeta,"It's OK, you can call them bots."
bxs__,"who hurt them, thats what i wanna now"
silersun,tempoross is harder than CG idc what you say ðŸ’€
vetricci,@ITehknique hmjj
im_mera,god this song is an absolute BANGER
itehknique,@Vetricci hey rouge did earlier dont look at me Monka
itehknique,eating chocolate ice cream in a white shirt. now thats a GAMBA
freyjburg,you said it right! <3
z34guy,just hit 130m farming...convinced i have to go to 200m for pet
ananas_wow,i got the farming pet at lvl 91 yesterday lol
itehknique,130m farming Despairge
mythiczeta,That's huge Copege
z34guy,my seaweed stacks over 700k :c
floshed_enthusiast,I feel bad seeing people that dry on pets I already have
itehknique,i got pet at 62 farming YEP
renion,"I had 3 farming pets at 97 and it feels like I depleted my ""luck"" there"
floshed_enthusiast,lmao
luke_fliegen,I should be doing rumours Despairge
rngeesus47,AYAYA
nightbot,AYAYA 7341
itehknique,@Luke_Fliegen me*
floshed_enthusiast,I have a stack of 30k and I thought I was a psycho
mythiczeta,Get the Birb Luke.
z34guy,@Floshed_Enthusiast i do like 12-16 runs a day
buttvillain,didn't you spoon farming pet in farmers v1?
itehknique,OOOOBANGERS
mr__note,151 spiritual creatures? ew no thanks
floshed_enthusiast,"@z34guy damn brother, I'd give you my Tangleroot if I could"
mythiczeta,Faux did.
wicked_artist,shrujj
mythiczeta,You didn't get one.
trashken1,he got rocky
z34guy,@Floshed_Enthusiast if only lol
itehknique,i wouldnt give my tangle root
itehknique,its mine
arvmarv,"finally got around to doing MM2, now I can stop skipping black demon tasks and get on the zenyte grind"
thesaltiestpig,rut
mythiczeta,Faux got it from the Fally tree patch.
itehknique,YEP
nightbot,Enjoying the Stream? Feel free to click that follow button! Check out my Youtube channel if you enjoy my content! (also try !mammalot ) https://www.youtube.com/user/MrExplosiveMammal
mythiczeta,Coming back to the farmers from Leagues.
z34guy,I'm gonna have so much free time when I finally get it lol
ananas_wow,i got it in gnome stronghold
ananas_wow,i got it in gnome stronghold
xanhero,are pet rates boosted in leagues?
xanhero,are pet rates boosted in leagues?
itehknique,OOOOBANGERS
itehknique,OOOOBANGERS
kidlivid_,My teammate spooned farming pet at 68k?
kidlivid_,My teammate spooned farming pet at 68k?
noeloriki,he got the returning player rng
noeloriki,he got the returning player rng
kidlivid_,or 63k
kidlivid_,or 63k
mythiczeta,"@Xanhero Only Sire, Technically."
mythiczeta,"@Xanhero Only Sire, Technically."
mythiczeta,And Olm.
mythiczeta,And Olm.
nichoixs,in terms of kill time kinda
nichoixs,in terms of kill time kinda
heaton96,im at like 90 cox purples with no pet
heaton96,im at like 90 cox purples with no pet
reyald_,i remember Denise spooning the tempoross pet early on
reyald_,i remember Denise spooning the tempoross pet early on
rngeesus47,rocky with trickster was EZ
rngeesus47,rocky with trickster was EZ
tuffyyxd,what are the league regions looking like
tuffyyxd,what are the league regions looking like
norsemanhammer,got zik and golemn and only have skotos main game
norsemanhammer,got zik and golemn and only have skotos main game
robmkw,good luck on tbow
robmkw,good luck on tbow
floshed_enthusiast,I literally afked rocky last league nodd @RNGeesus47
floshed_enthusiast,I literally afked rocky last league nodd @RNGeesus47
xanhero,nodd
xanhero,nodd
rngeesus47,@Floshed_Enthusiast trickster gang frenn
rngeesus47,@Floshed_Enthusiast trickster gang frenn
furgey,go wildy
furgey,go wildy
tuffyyxd,i cant wait to machine gun karil
tuffyyxd,i cant wait to machine gun karil
luke_fliegen,I'll miss trickster Smoge
luke_fliegen,I'll miss trickster Smoge
im_artn,im thinking something similar but i dont really like the varlamore echo stuff
im_artn,im thinking something similar but i dont really like the varlamore echo stuff
tuffyyxd,the real mgk
tuffyyxd,the real mgk
noeloriki,"varlmore, more like varlaBORE!Morytania, more like BORYtania! Asgarnia, more like ASSgarnia!"
noeloriki,"varlmore, more like varlaBORE!Morytania, more like BORYtania! Asgarnia, more like ASSgarnia!"
striker8_0,it's crazy to me how people know the regions they're picking when we don't even know all the relics yet lol
striker8_0,it's crazy to me how people know the regions they're picking when we don't even know all the relics yet lol
im_artn,but sol sounds fun
im_artn,but sol sounds fun
mrlintonator,"Clue Compass tele relic super OP compared to others. GL on this one, mammalator"
mrlintonator,"Clue Compass tele relic super OP compared to others. GL on this one, mammalator"
mythiczeta,@NoelOriki GOTTEM
mythiczeta,@NoelOriki GOTTEM
itehknique,BUSSERS garnia
itehknique,BUSSERS garnia
megawheats,"I'm looking at zeah, wildy, fremmy as mage"
megawheats,"I'm looking at zeah, wildy, fremmy as mage"
the_rad_darrin78,!today
the_rad_darrin78,!today
nightbot,"Some kids make-a-wish wish is for Mammal to get a Tbow, and sadly mammal is failing that kid"
nightbot,"Some kids make-a-wish wish is for Mammal to get a Tbow, and sadly mammal is failing that kid"
floshed_enthusiast,If I roll Kandarin on my second account I'm gonna be angy
floshed_enthusiast,If I roll Kandarin on my second account I'm gonna be angy
furgey,have fun killing 500 kree with melee relic
furgey,have fun killing 500 kree with melee relic
furgey,:3
furgey,:3
striker8_0,i did that too lol
striker8_0,i did that too lol
xanhero,@Floshed_Enthusiast more like CANTdarin GOTTEM
xanhero,@Floshed_Enthusiast more like CANTdarin GOTTEM
striker8_0,it sucked
striker8_0,it sucked
56leafclover,I feel like echo dags might be pretty fun if they do add some new mechanics
56leafclover,I feel like echo dags might be pretty fun if they do add some new mechanics
xanhero,shadow from TOB and kree is free
xanhero,shadow from TOB and kree is free
kontour,this is going to be my first league ever excited to try it
kontour,this is going to be my first league ever excited to try it
floshed_enthusiast,plink-182
floshed_enthusiast,plink-182
rngeesus47,plink-182
rngeesus47,plink-182
nightbot,Enjoying the Stream? Feel free to click that follow button! Check out my Youtube channel if you enjoy my content! (also try !mammalot ) https://www.youtube.com/user/MrExplosiveMammal
nightbot,Enjoying the Stream? Feel free to click that follow button! Check out my Youtube channel if you enjoy my content! (also try !mammalot ) https://www.youtube.com/user/MrExplosiveMammal
noeloriki,plink-182
noeloriki,plink-182
n_ate,plink-182
n_ate,plink-182
floshed_enthusiast,you and me are sharing the same braincell tonight frenn @RNGeesus47
floshed_enthusiast,you and me are sharing the same braincell tonight frenn @RNGeesus47
xanhero,BatChest
xanhero,BatChest
itehknique,@Floshed_Enthusiast Pepega
itehknique,@Floshed_Enthusiast Pepega
nightbot,Join Mr_Mammal's community Discord! https://discord.gg/McjBxxBBhV
nightbot,Join Mr_Mammal's community Discord! https://discord.gg/McjBxxBBhV
itehknique,olmer simpson Classic top 5 names in cc
itehknique,olmer simpson Classic top 5 names in cc
1hpwarrior,Olmen Simpson modCheck
1hpwarrior,Olmen Simpson modCheck
rngeesus47,@Floshed_Enthusiast poggfrenn
rngeesus47,@Floshed_Enthusiast poggfrenn
noeloriki,Zoey knows what time it is
noeloriki,Zoey knows what time it is
n_ate,KKona GuitarTime
n_ate,KKona GuitarTime
nightbot,15135 KKona
nightbot,15135 KKona
dogmasta90,I mean it is time LUL
dogmasta90,I mean it is time LUL
megawheats,KKool
megawheats,KKool
mythiczeta,jorkers
mythiczeta,jorkers
rngeesus47,jorkers
rngeesus47,jorkers
itehknique,@diaryofmatt peepoBlush
itehknique,@diaryofmatt peepoBlush
bxs__,huh
bxs__,huh
1hpwarrior,jorkers
1hpwarrior,jorkers
common_bob,HUH
common_bob,HUH
das_colbert,"Yay, I didn't miss Kingdom Hearts"
das_colbert,"Yay, I didn't miss Kingdom Hearts"
megawheats,jorkers KKool jorkers
megawheats,jorkers KKool jorkers
7millionpeopleonearth,KKong
7millionpeopleonearth,KKong
cascadecolin,HUHH
cascadecolin,HUHH
i_rommel_i,tf is this song lol
i_rommel_i,tf is this song lol
renion,"1 zenyte shard in 821 kills, am I cooked"
renion,"1 zenyte shard in 821 kills, am I cooked"
toxichellman,This song LUL
toxichellman,This song LUL
kidlivid_,@Renion no
kidlivid_,@Renion no
common_bob,one of the more tame song requests today
common_bob,one of the more tame song requests today
floshed_enthusiast,they've been mostly tame thanks to no inner_nanner
floshed_enthusiast,they've been mostly tame thanks to no inner_nanner
freshout1,Cheer100 https://www.youtube.com/watch?v=j1Y8iZzuSAw&ab_channel=DailyDoseOfInternet
freshout1,Cheer100 https://www.youtube.com/watch?v=j1Y8iZzuSAw&ab_channel=DailyDoseOfInternet
ichroniic,!today
ichroniic,!today
nightbot,"Some kids make-a-wish wish is for Mammal to get a Tbow, and sadly mammal is failing that kid"
nightbot,"Some kids make-a-wish wish is for Mammal to get a Tbow, and sadly mammal is failing that kid"
maxslays,how much do you hate cox now
maxslays,how much do you hate cox now
floshed_enthusiast,peepoWedding
floshed_enthusiast,peepoWedding
common_bob,AINTNOWAY
common_bob,AINTNOWAY
sam_bello,!yesterday
sam_bello,!yesterday
nightbot,1x Ancestral Recolor Kit
nightbot,1x Ancestral Recolor Kit
sipuliparoni,i cannot for the lyfe of me figure how u can run this raid over and over again... just did like 10 raids with friend as a duo and even that made me feel no wanting back for awhile :D rispect <3
sipuliparoni,i cannot for the lyfe of me figure how u can run this raid over and over again... just did like 10 raids with friend as a duo and even that made me feel no wanting back for awhile :D rispect <3
sam_bello,!today
sam_bello,!today
nightbot,"Some kids make-a-wish wish is for Mammal to get a Tbow, and sadly mammal is failing that kid"
nightbot,"Some kids make-a-wish wish is for Mammal to get a Tbow, and sadly mammal is failing that kid"
itehknique,idiots KEKW
itehknique,idiots KEKW
rngeesus47,"it was at that moment, he realized: it fizzed up."
rngeesus47,"it was at that moment, he realized: it fizzed up."
nocturnawl,GIGACHAD
nocturnawl,GIGACHAD
megawheats,peepoBox
megawheats,peepoBox
common_bob,no that bear knew who was alpha
common_bob,no that bear knew who was alpha
floshed_enthusiast,yuh no braincells here
floshed_enthusiast,yuh no braincells here
megawheats,where the fuck am I??
megawheats,where the fuck am I??
n_ate,That man's so lost
n_ate,That man's so lost
hamother,IReallyCantDoThisAnymore
hamother,IReallyCantDoThisAnymore
56leafclover,Just smile and wave boys
56leafclover,Just smile and wave boys
itehknique,its just a cub an adult bear woulda Chomp that kitty
itehknique,its just a cub an adult bear woulda Chomp that kitty
luke_fliegen,Birdge
luke_fliegen,Birdge
itehknique,KEKW
itehknique,KEKW
nightbot,48537 KEKW
nightbot,48537 KEKW
itehknique,Birdge
itehknique,Birdge
common_bob,he might be having a stroke
common_bob,he might be having a stroke
rangahhh73,im havin a stroke rn
rangahhh73,im havin a stroke rn
trainerbluetv,Sit kid
trainerbluetv,Sit kid
floshed_enthusiast,future drummer
floshed_enthusiast,future drummer
itehknique,love that guy
itehknique,love that guy
7millionpeopleonearth,GIGACHAD
7millionpeopleonearth,GIGACHAD
common_bob,TimetoJump
common_bob,TimetoJump
luke_fliegen,@TrainerBlueTV socujj
luke_fliegen,@TrainerBlueTV socujj
i_rommel_i,LOOL
i_rommel_i,LOOL
itehknique,OMEGALUL
itehknique,OMEGALUL
bxs__,huh  ó €€
bxs__,huh  ó €€
mythiczeta,OMEGALUL
mythiczeta,OMEGALUL
megawheats,KEKW
megawheats,KEKW
nightbot,48538 KEKW
nightbot,48538 KEKW
luke_fliegen,we'll never know
luke_fliegen,we'll never know
ddd1293123,OMEGALUL
ddd1293123,OMEGALUL
rangahhh73,billy Deadge
rangahhh73,billy Deadge
bxs__,kids OMEGALUL
bxs__,kids OMEGALUL
i_rommel_i,LMAO
i_rommel_i,LMAO
isbestna,I hate this guy's voice
isbestna,I hate this guy's voice
floshed_enthusiast,ICANT
floshed_enthusiast,ICANT
noeloriki,i wouldnt say shit
noeloriki,i wouldnt say shit
1hpwarrior,:3
1hpwarrior,:3
mythiczeta,KEKL
mythiczeta,KEKL
itehknique,someone said this in chat the other day KEKW
itehknique,someone said this in chat the other day KEKW
xmerl13,!today
xmerl13,!today
nightbot,"Some kids make-a-wish wish is for Mammal to get a Tbow, and sadly mammal is failing that kid"
nightbot,"Some kids make-a-wish wish is for Mammal to get a Tbow, and sadly mammal is failing that kid"
hamother,mf rolls royce
hamother,mf rolls royce
itehknique,staree
itehknique,staree
pinkvilor,"i heard that you have a very special sub act that you do when someone subs, can i see what happens? :)"
pinkvilor,"i heard that you have a very special sub act that you do when someone subs, can i see what happens? :)"
goonerlooner,that's a sad wish
goonerlooner,that's a sad wish
fungnatics,ive seen worse scammers in osrs
fungnatics,ive seen worse scammers in osrs
luke_fliegen,KEKW
luke_fliegen,KEKW
nightbot,48539 KEKW
nightbot,48539 KEKW
pinkvilor,im poor
pinkvilor,im poor
pinkvilor,gift sub pls MEOW
pinkvilor,gift sub pls MEOW
itehknique,floppy
itehknique,floppy
brendanh117,he follows a !script
brendanh117,he follows a !script
1hpwarrior,@Pinkvilor gib one good reason
1hpwarrior,@Pinkvilor gib one good reason
mythiczeta,Deadge
mythiczeta,Deadge
pinkvilor,@1HpWarrior MEOW
pinkvilor,@1HpWarrior MEOW
hot_mocha,calf game strong af
hot_mocha,calf game strong af
rngeesus47,paid to excercise nodd
rngeesus47,paid to excercise nodd
common_bob,i wanna get paid to walk
common_bob,i wanna get paid to walk
floshed_enthusiast,FurretWalk
floshed_enthusiast,FurretWalk
tuffyyxd,i bet they get tired
tuffyyxd,i bet they get tired
fungnatics,they make them walk the whole time LMFAO
fungnatics,they make them walk the whole time LMFAO
fungnatics,they could just stand
fungnatics,they could just stand
nightbot,@diaryofmatt -> NOPE [warning]
nightbot,@diaryofmatt -> NOPE [warning]
megawheats,peepoBox
megawheats,peepoBox
mythiczeta,lookUp
mythiczeta,lookUp
luke_fliegen,lookUp
luke_fliegen,lookUp
itehknique,OMEGALUL
itehknique,OMEGALUL
rngeesus47,lookUp
rngeesus47,lookUp
aeisr_,lookUp
aeisr_,lookUp
1hpwarrior,lookUp HUH
1hpwarrior,lookUp HUH
noeloriki,lookUp
noeloriki,lookUp
turdcatcher22,This aint chatgpt
turdcatcher22,This aint chatgpt
pinkvilor,LOOKuP
pinkvilor,LOOKuP
rngeesus47,any programmers in the chat? x0r6ztGiggle
rngeesus47,any programmers in the chat? x0r6ztGiggle
robertmia,lookUp
robertmia,lookUp
bxs__,Looking
bxs__,Looking
itehknique,IMPORT THE PANDAS CHAT AAAA
itehknique,IMPORT THE PANDAS CHAT AAAA
fenthule,the wheels on the bus go down the hill nodd
fenthule,the wheels on the bus go down the hill nodd
floshed_enthusiast,PETTHESQUIRREL
floshed_enthusiast,PETTHESQUIRREL
common_bob,importing pandas PepegaLoad
common_bob,importing pandas PepegaLoad
itehknique,@Common_Bob OMEGALUL
itehknique,@Common_Bob OMEGALUL
turdcatcher22,"""twitch_chat_log.csv"" Susge"
turdcatcher22,"""twitch_chat_log.csv"" Susge"
1hpwarrior,my shoulders got dislocated seeing that
1hpwarrior,my shoulders got dislocated seeing that
fungnatics,fake af
fungnatics,fake af
fenthule,bro that's gunna be soo bad in a couple years
fenthule,bro that's gunna be soo bad in a couple years
cverf,why did I get a message saying â€œchannel warningâ€?? never seen that before
cverf,why did I get a message saying â€œchannel warningâ€?? never seen that before
stooty_,dude just raw dogged an entire day
stooty_,dude just raw dogged an entire day
jgambh2o,way too easy to fake
jgambh2o,way too easy to fake
itehknique,monkaChrist
itehknique,monkaChrist
megawheats,MrDestructoid Wowee
megawheats,MrDestructoid Wowee
floshed_enthusiast,LICKA
floshed_enthusiast,LICKA
itehknique,KEKW
itehknique,KEKW
nightbot,48540 KEKW
nightbot,48540 KEKW
nocturnawl,that robot is when you run out of toilet paper and need to do the run of shame
nocturnawl,that robot is when you run out of toilet paper and need to do the run of shame
itehknique,LICKA too strong
itehknique,LICKA too strong
1hpwarrior,agility 99
1hpwarrior,agility 99
luke_fliegen,huh
luke_fliegen,huh
1hpwarrior,mammalShadow
1hpwarrior,mammalShadow
i_rommel_i,oh nooo!
i_rommel_i,oh nooo!
fenthule,he burnt him D:
fenthule,he burnt him D:
fungnatics,bro is burnt
fungnatics,bro is burnt
1hpwarrior,lvl 1 cooking
1hpwarrior,lvl 1 cooking
fenthule,MOOOO
fenthule,MOOOO
mythiczeta,Moose be Meesing.
mythiczeta,Moose be Meesing.
itehknique,x0r6ztGiggle
itehknique,x0r6ztGiggle
mythiczeta,Ledr
mythiczeta,Ledr
megawheats,lettur
megawheats,lettur
1hpwarrior,lettuar
1hpwarrior,lettuar
itehknique,Cheer100 https://www.youtube.com/watch?v=BgiE6iR6GWU
itehknique,Cheer100 https://www.youtube.com/watch?v=BgiE6iR6GWU
fungnatics,laydur
fungnatics,laydur
1hpwarrior,iTech request pogg
1hpwarrior,iTech request pogg
reyald_,Did ya die? Deadge
reyald_,Did ya die? Deadge
itehknique,Jamgie
itehknique,Jamgie
dgkmeow2,hey fam use to fight u in real os an watch ur yt now adays. just found ur twitch gz on making it big fam.
dgkmeow2,hey fam use to fight u in real os an watch ur yt now adays. just found ur twitch gz on making it big fam.
mr__note,Jamgie
mr__note,Jamgie
fenthule,Jamgie
fenthule,Jamgie
xanhero,Jamgie
xanhero,Jamgie
noeloriki,Jamgie
noeloriki,Jamgie
mythiczeta,WIDEPOGGIES
mythiczeta,WIDEPOGGIES
1hpwarrior,Jamgie
1hpwarrior,Jamgie
megawheats,Jamgie
megawheats,Jamgie
godryck_,!tbow
godryck_,!tbow
nightbot,!charity2021 !v1tbow !irontbow !irontbow2 !hctbow !hctbow2 !monka
nightbot,!charity2021 !v1tbow !irontbow !irontbow2 !hctbow !hctbow2 !monka
itehknique,WIDEPOGGIES
itehknique,WIDEPOGGIES
weakconnor,Jamgie
weakconnor,Jamgie
nugalicious,lookUp
nugalicious,lookUp
seth_k20,"Damn, when was the last time we listened to Wheeler Walker Jr on stream?"
seth_k20,"Damn, when was the last time we listened to Wheeler Walker Jr on stream?"
jiqsawpuzzl_,Clap
jiqsawpuzzl_,Clap
mythiczeta,WideBoobaMicrowavege
mythiczeta,WideBoobaMicrowavege
floshed_enthusiast,earlier @Seth_K20
floshed_enthusiast,earlier @Seth_K20
noeloriki,@Seth_K20 earlier today
noeloriki,@Seth_K20 earlier today
itehknique,@MythicZeta i always forget about this emote KEKW
itehknique,@MythicZeta i always forget about this emote KEKW
floshed_enthusiast,I despise that emote @MythicZeta
floshed_enthusiast,I despise that emote @MythicZeta
fenthule,"like, a couple hours? lol"
fenthule,"like, a couple hours? lol"
blink_1_8_24,lmao wtf is this
blink_1_8_24,lmao wtf is this
itehknique,WideBoobaMicrowavege
itehknique,WideBoobaMicrowavege
dgkmeow2,glad to see ur doing great
dgkmeow2,glad to see ur doing great
1hpwarrior,UwU
1hpwarrior,UwU
noeloriki,WideBoobaMicrowavege
noeloriki,WideBoobaMicrowavege
cascadecolin,BOOBA
cascadecolin,BOOBA
i_rommel_i,TOTS
i_rommel_i,TOTS
xanhero,cidorESPECTFULLY
xanhero,cidorESPECTFULLY
mrswipe,omfg
mrswipe,omfg
mrswipe,Im hungry now fk you
mrswipe,Im hungry now fk you
mythiczeta,"@Floshed_Enthusiast Good to know, WideBoobaMicrowavege"
mythiczeta,"@Floshed_Enthusiast Good to know, WideBoobaMicrowavege"
itehknique,Jamgie
itehknique,Jamgie
furgey,mammal how long was that vasa
furgey,mammal how long was that vasa
floshed_enthusiast,"dw, it's blocked now PeepoBigSmile @MythicZeta"
floshed_enthusiast,"dw, it's blocked now PeepoBigSmile @MythicZeta"
furgey,wtf happened
furgey,wtf happened
itehknique,idk who requested this in chat a few days ago but i love them for it
itehknique,idk who requested this in chat a few days ago but i love them for it
furgey,i come back and ur still on it
furgey,i come back and ur still on it
i_rommel_i,this music is......unique
i_rommel_i,this music is......unique
itehknique,cause now know what it is KEKW
itehknique,cause now know what it is KEKW
nocturnawl,plink-182
nocturnawl,plink-182
mythiczeta,"@Floshed_Enthusiast Seeing the words shows the emote in your head, you know what it looks like. Smile"
mythiczeta,"@Floshed_Enthusiast Seeing the words shows the emote in your head, you know what it looks like. Smile"
floshed_enthusiast,plink-182
floshed_enthusiast,plink-182
mythiczeta,You can never forget
mythiczeta,You can never forget
floshed_enthusiast,says you
floshed_enthusiast,says you
aim120_amraam,Listening
aim120_amraam,Listening
cascadecolin,humble punches
cascadecolin,humble punches
tnums,These guys punch like Tyson last night now
tnums,These guys punch like Tyson last night now
mythiczeta,MysticTyson
mythiczeta,MysticTyson
floshed_enthusiast,what is your favorite Iron Maiden song? @Mr_Mammal
floshed_enthusiast,what is your favorite Iron Maiden song? @Mr_Mammal
luke_fliegen,@diaryofmatt Susge
luke_fliegen,@diaryofmatt Susge
ninja_iix,saw iron maiden live this year
ninja_iix,saw iron maiden live this year
floshed_enthusiast,"There's a restaurant owned by one of the band members near me called Rockin' Ribs, I've been to it a couple times"
floshed_enthusiast,"There's a restaurant owned by one of the band members near me called Rockin' Ribs, I've been to it a couple times"
gimuhtred,"My wife just now ""oh isn't this the room he always dies in on his videos?"" ðŸ˜…"
gimuhtred,"My wife just now ""oh isn't this the room he always dies in on his videos?"" ðŸ˜…"
ninja_iix,saw no teenage dirtbags
ninja_iix,saw no teenage dirtbags
ninja_iix,but they did make a wheatus reference
ninja_iix,but they did make a wheatus reference
megawheats,x0r6ztGiggle
megawheats,x0r6ztGiggle
mythiczeta,He married to Robin too
mythiczeta,He married to Robin too
mythiczeta,?
mythiczeta,?
summersnz,"Muttadile, Mr"
summersnz,"Muttadile, Mr"
rngeesus47,plink-182
rngeesus47,plink-182
xanhero,plink-182
xanhero,plink-182
floshed_enthusiast,plink-182
floshed_enthusiast,plink-182
nocturnawl,plink-182  ó €€
nocturnawl,plink-182  ó €€
n_ate,plink-182
n_ate,plink-182
itehknique,plink-182
itehknique,plink-182
mr__note,Jamgie  ó €€
mr__note,Jamgie  ó €€
blink_1_8_24,Pog
blink_1_8_24,Pog
floshed_enthusiast,haha
floshed_enthusiast,haha
floshed_enthusiast,the wall of plink-182 's
floshed_enthusiast,the wall of plink-182 's
vnibbsyv,plink-182
vnibbsyv,plink-182
megawheats,plink-182
megawheats,plink-182
bxs__,plink-182
bxs__,plink-182
weakconnor,plink-182
weakconnor,plink-182
renion,plink-182
renion,plink-182
descendencee,plink-182
descendencee,plink-182
rngeesus47,its a beautiful thing ðŸ¥¹ @Floshed_Enthusiast
rngeesus47,its a beautiful thing ðŸ¥¹ @Floshed_Enthusiast
reyald_,plink-182
reyald_,plink-182
cute_cat_videos,https://gyazo.com/cc1b5828563ff5165cf4fe0ddcb6ce03 https://gyazo.com/903b3b61c4c0e14c8de03fd0f27f07c2
cute_cat_videos,https://gyazo.com/cc1b5828563ff5165cf4fe0ddcb6ce03 https://gyazo.com/903b3b61c4c0e14c8de03fd0f27f07c2
mr__note,plink-182
mr__note,plink-182
mrswipe,what happened in clan chat
mrswipe,what happened in clan chat
cute_cat_videos,about to harvest can we make a hally in 3 kills lol
cute_cat_videos,about to harvest can we make a hally in 3 kills lol
kingjbus2,plink-182
kingjbus2,plink-182
mythiczeta,Araxxor Transmog
mythiczeta,Araxxor Transmog
mythiczeta,@mrswipe
mythiczeta,@mrswipe
luke_fliegen,@diaryofmatt no i'm good
luke_fliegen,@diaryofmatt no i'm good
tuffyyxd,im so bad at solo olm. i can only 1:0 melee
tuffyyxd,im so bad at solo olm. i can only 1:0 melee
tnums,Keep thinking I'm seeing magma mutagen helms whenever I see the araxxor slay helm
tnums,Keep thinking I'm seeing magma mutagen helms whenever I see the araxxor slay helm
fenthule,my sweet toof was getting peepoShortMad so I made hot choccy pogg
fenthule,my sweet toof was getting peepoShortMad so I made hot choccy pogg
floshed_enthusiast,they love spamming question marks whenever someone gets coagulated venom @mrswipe
floshed_enthusiast,they love spamming question marks whenever someone gets coagulated venom @mrswipe
cute_cat_videos,lol nope yew logs
cute_cat_videos,lol nope yew logs
blink_1_8_24,"have you ever watched the ""what makes this song great"" video on the current song?"
blink_1_8_24,"have you ever watched the ""what makes this song great"" video on the current song?"
nightbot,Join Mr_Mammal's community Discord! https://discord.gg/McjBxxBBhV
nightbot,Join Mr_Mammal's community Discord! https://discord.gg/McjBxxBBhV
an_oglop,by our friend Soup
an_oglop,by our friend Soup
naurieesh10,What would you say the order of difficulty is for the DT2 bosses post quest?
naurieesh10,What would you say the order of difficulty is for the DT2 bosses post quest?
fenthule,plink-182
fenthule,plink-182
an_oglop,whisp/duke -> levi -> vards
an_oglop,whisp/duke -> levi -> vards
rngeesus47,that is just incorrect man.
rngeesus47,that is just incorrect man.
shoelessjoe234,gear dependent on last 2 imo
shoelessjoe234,gear dependent on last 2 imo
fenthule,plink-182
fenthule,plink-182
naurieesh10,"Oh I was under the impression whisperer was the hardest, it's the one I haven't gone back to yet"
naurieesh10,"Oh I was under the impression whisperer was the hardest, it's the one I haven't gone back to yet"
wowitznemo,chucked it all on yes
wowitznemo,chucked it all on yes
wowitznemo,letâ€™s get a purple
wowitznemo,letâ€™s get a purple
krilsleftnut,plink-182
krilsleftnut,plink-182
aim120_amraam,Bro I hate vardy
aim120_amraam,Bro I hate vardy
fenthule,mammalShadow
fenthule,mammalShadow
itehknique,Fenthule lurkk
itehknique,Fenthule lurkk
gaggleogoose,@Mr_Mammal Did you too see Mike Tyson's ass last night?
gaggleogoose,@Mr_Mammal Did you too see Mike Tyson's ass last night?
shoelessjoe234,vardorvis you get into this awesome rhythm eventually
shoelessjoe234,vardorvis you get into this awesome rhythm eventually
dyslexics8n,!newvid
dyslexics8n,!newvid
nightbot,https://youtu.be/1sLiOo2TZqE
nightbot,https://youtu.be/1sLiOo2TZqE
luke_fliegen,BUSSERS
luke_fliegen,BUSSERS
mythiczeta,@GaggleOGoose BUSSERS
mythiczeta,@GaggleOGoose BUSSERS
7millionpeopleonearth,BUSSERS
7millionpeopleonearth,BUSSERS
bxs__,BUSSERS
bxs__,BUSSERS
spliffington_,why was he wearing that
spliffington_,why was he wearing that
artifactzerotv,mammal whats your favorite kind of pizza
artifactzerotv,mammal whats your favorite kind of pizza
itehknique,wanna see mine?
itehknique,wanna see mine?
meowhi,"i just got spooned at tempoross, tome and barrel in  3 searches"
meowhi,"i just got spooned at tempoross, tome and barrel in  3 searches"
itehknique,widesnorlaxDumper
itehknique,widesnorlaxDumper
wowitznemo,I was really hoping the ol guy could have pulled it off
wowitznemo,I was really hoping the ol guy could have pulled it off
twisted_bro,I can smell a Tbow
twisted_bro,I can smell a Tbow
meowhi,that means tbow this kill
meowhi,that means tbow this kill
gaggleogoose,"@Spliffington_ It was a jock strap, which is normal. The problem is that's all he was wearing lmao"
gaggleogoose,"@Spliffington_ It was a jock strap, which is normal. The problem is that's all he was wearing lmao"
blink_1_8_24,where's my Asian friend
blink_1_8_24,where's my Asian friend
itehknique,@Twisted_Bro no you just need a shower SNIFFA
itehknique,@Twisted_Bro no you just need a shower SNIFFA
khonshuuuu,bosh
khonshuuuu,bosh
bxs__,@ITehknique Looking
bxs__,@ITehknique Looking
meowhi,passing the rng torch
meowhi,passing the rng torch
twisted_bro,@ITehknique fair
twisted_bro,@ITehknique fair
frambowsa,i think ive lived enough to see bots spaming onlyfans acc in GE. wtf
frambowsa,i think ive lived enough to see bots spaming onlyfans acc in GE. wtf
bxs__,@GaggleOGoose thats what i wear to work
bxs__,@GaggleOGoose thats what i wear to work
handsomebillyoncoke,how is the GM grind oing?
handsomebillyoncoke,how is the GM grind oing?
gaggleogoose,@bxs__ I hope you're an accountant or something mundane
gaggleogoose,@bxs__ I hope you're an accountant or something mundane
itehknique,@Twisted_Bro me too Sadge
itehknique,@Twisted_Bro me too Sadge
noeloriki,watching this dude at tears of guthix taking only from the green tears
noeloriki,watching this dude at tears of guthix taking only from the green tears
beikenost,is scythe actually better than lance?
beikenost,is scythe actually better than lance?
bxs__,@GaggleOGoose i actually am an accountant technically OMEGALUL
bxs__,@GaggleOGoose i actually am an accountant technically OMEGALUL
noeloriki,poor guy
noeloriki,poor guy
luke_fliegen,@NoelOriki oh no
luke_fliegen,@NoelOriki oh no
twisted_bro,Tbro is calling a Tbow on this raid
twisted_bro,Tbro is calling a Tbow on this raid
twisted_bro,Tbro is calling a Tbow on this raid
itehknique,was gonna say with those cheek bones you know hes an accountant
itehknique,was gonna say with those cheek bones you know hes an accountant
itehknique,was gonna say with those cheek bones you know hes an accountant
hcpuff,!today
hcpuff,!today
hcpuff,!today
nightbot,"Some kids make-a-wish wish is for Mammal to get a Tbow, and sadly mammal is failing that kid"
nightbot,"Some kids make-a-wish wish is for Mammal to get a Tbow, and sadly mammal is failing that kid"
nightbot,"Some kids make-a-wish wish is for Mammal to get a Tbow, and sadly mammal is failing that kid"
gaggleogoose,"@bxs__ I work in the oilfield, I'd get touched if I wore something like that lmao"
gaggleogoose,"@bxs__ I work in the oilfield, I'd get touched if I wore something like that lmao"
gaggleogoose,"@bxs__ I work in the oilfield, I'd get touched if I wore something like that lmao"
bxs__,@GaggleOGoose hahahaha
bxs__,@GaggleOGoose hahahaha
bxs__,@GaggleOGoose hahahaha
beikenost,"i assume its riskier though with scythe, you seem to take more hits than a 4:1"
beikenost,"i assume its riskier though with scythe, you seem to take more hits than a 4:1"
beikenost,"i assume its riskier though with scythe, you seem to take more hits than a 4:1"
itehknique,me splashing my way to 89 magic pepegaGun
itehknique,me splashing my way to 89 magic pepegaGun
itehknique,me splashing my way to 89 magic pepegaGun
exaration,tbow
exaration,tbow
exaration,tbow
itehknique,chat who do i put $20 on to score a TD tomorrow
itehknique,chat who do i put $20 on to score a TD tomorrow
luke_fliegen,tom brady
ronredberry,Grimy Irits and runite ore
itehknique,@Luke_Fliegen Mhm
luke_fliegen,"@ITehknique think about it, if he does you're gonna win a lot of money"
rangahhh73,monkaS
rngeesus47,"joe montania.. oh wait, thats a linebacker"
beikenost,not a humble olm
itehknique,@Luke_Fliegen i dont think hes had a single rushing td ever
twisted_bro,glgl
gimuhtred,@itehknique Josh Allen
khonshuuuu,how is shadow?
gaggleogoose,My hand are starting to peel from the hand foot and mouth finally. My palms are just big raw patches of skin right now
ballout2thamax,gl
itehknique,@gimuhtred actually good point NOTED
nightbot,Enjoying the Stream? Feel free to click that follow button! Check out my Youtube channel if you enjoy my content! (also try !mammalot ) https://www.youtube.com/user/MrExplosiveMammal
rngeesus47,plink-182
survivorlad,Animals okay or someone sick?
gimuhtred,He's definitely running one in tomorrow against KC
oldjdawg,purple here shirley
floshed_enthusiast,playing all the plink-182 songs tonight
twisted_bro,Gold incoming
mclovin33098,@ITehknique nick chubb
wicked_artist,monkaSTEER
gimuhtred,Gold beam incoming
buttvillain,Chris Jones gonna flatten Allen like he always does
itehknique,@mclovin33098 NOTED good chance on that one too
i_rommel_i,!kc cox
nightbot,https://docs.google.com/spreadsheets/d/1wuclyXL4ho0gRpv6HUSI3U0NkBoIO1qPBpoMgYVZxgI/edit#gid=529004566
wicked_artist,Jebaited twisted...
i_rommel_i,ohhh
longwoodlloyd,no the gamba!
noeloriki,well he was right I guess
1hpwarrior,Sadge
ohreeoo,i'm down to 37 nanners.. this is tough
exaration,damn i was close it was a twisted kit
mclovin33098,@ITehknique slightly safer pick could be kyren williams
wowitznemo,just won 800k points
rngeesus47,i saw twisted in CC and almost flipped my chair over
megawheats,3Kool
floshed_enthusiast,3Kool
rngeesus47,Jebaited
lusitropy,"hey mammal, started and finished tds on the iron tonight :D https://i.imgur.com/RT0HS5p.png"
stealthchop,The one time I forget to vote yes OMEGALUL
floshed_enthusiast,Believers eating for once at least
megawheats,3Kool this is mint lad
curseoflongevity,50K turns into 289K EZ Clap
exaration,how do you upkeep your saradomin brews and restores?
samrusso31,I love Pet n Bas lol
samrusso31,Pete
rngeesus47,STELLABRUV fine chune
mr_mammal,!play
soviet_squirel,!play 10
xanhero,!play 5
velaynx,VVKool
floshed_enthusiast,!Play 2
mythiczeta,!play 16
jcup431,!play
artifactzerotv,!play
rngeesus47,!play
subnet_rs,!play
piron4,!play
tw0pack_,play
kilbro6,!play
brendanh117,!play
noeloriki,!play
sqwrrk,!play
ima_din0saur,!play
coltietv,!play
wicked_artist,!play
moonermoon1,!play
vetricci,!play
itehknique,!play 15
fenthule,!play 2
ssickyy,!play
seth_k20,!play
mangokin11,!play
tw0pack_,!play
icyisfish,!play 4
reyald_,!play 7
dalt06,!play
toe_crocs,!play
weakconnor,!play 7
tandynamite,!play
big_fetz,!play 7
exaration,!play
laserboy232,!play
meowhi,!play
mr_listerr,!play 12
chunkybirdy,!play 4
mrswipe,!play
lnseq,!play 10
vnibbsyv,!play 12
ninja_iix,!play
nostironrs,!play
seanypilot,!play
keunic,!play
khonshuuuu,!play
wowitznemo,!play
ancientgrandma,!play 1
dandiestmcgee,!play
frostedlord,!play
descendencee,!play
rain976,!play 15
zombietaint,!play 3
cireyelrow,!play
megawheats,!play
trazor22,!play
mammalsbananas,!play 14
hcpuff,!play 15
timshutdown,!play
itsjustbologna,!play 13
jdart90,!play
endsinfear,!play
buttvillain,!play 11
reformedspeesh,!play 16
penguensoup,!play
ronredberry,!play
gaggleogoose,!play 10
velaynx,!play
chainsham,!play
juicerock,!play
niiroxis,!play
alched_my_mom,!play
dandiestmcgee,!play 73
fierylegion,!play
hell_nomad,!play
redneksteve,!play
im_artn,3Kool
curseoflongevity,!play
osrsbeertheseer,!play
cute_cat_videos,!play
bxs__,!play
thatoneguytoken,!play
ostracis_3rd,!play7
bigmose88,!play
doublemaltz,!play 15
ripping_zeus,!play 12
nxking500,!play 13
scrotz4,!play
exaration,!play 7
coldvayne,!play 7
holden_pa,!play
indolent_sloth,!play
kjellberg94,!play
hot_mocha,!play 5
beefy5layersss,!play 9
randygunk,!play
wusupgirl,!play
dudekoetje,!play
not_odarko,!play 4
z34guy,!play
atemefodinna,!play
justminty95,!play 15
jerbear1294,!play
saintmaakari,!play
tegrebs,!play 14
luke_fliegen,!play 15
struggleseth,!play
spec2342,!play
flat_taco,!play
osrsbeertheseer,!play 5
broseidon555,!play
joshuabrooke,!play
i_rommel_i,!play
b0risfps,!play
mysticstallion,!play 5
anderzztv,!play
garychoak,!play
dyslexics8n,!play
scorchio96,!play
mynamesmc,!play
onepride96,!play
jameslrdnr,!play 7
myroflknife1,!play
rtpriff,!play 8
el_duhammer,!play
scumbagsensei,!play
i_rommel_i,!play 10
bhallet,!play
rngeesus47,catJAM
bxs__,boomm
1hpwarrior,!play 7
executiewide,!play
andrenilsen1,!plau
unfv_,!PLAY
floshed_enthusiast,boomm
andrenilsen1,!play
jiqsawpuzzl_,!play
i_rommel_i,!play 7
unfv_,!play
im_artn,dud dud
executiewide,!play ó €€
gdplayour,!play
bhallet,!play 5
juicesimpson,!play
hazy_hobbit,!play
dabbby_rs,ok dude
zelfrow,!play
executiewide,!play
pjonston,!play
osrsbeertheseer,!play 17
nugalicious,!play
tacocowboy94,!play
xskugganx,!today ó €€
nightbot,"Some kids make-a-wish wish is for Mammal to get a Tbow, and sadly mammal is failing that kid"
lem0nbud,!play
adub54,!play
dispursed,!play
littleaddictions,!play 9
thatsalotoflemons,!play 15
zantbolt,!play
skyline22190,!play 12
dabbby_rs,!play
kelvinandhobbes,NODERS
biggoooose,!play
life4nismo,!play
im_artn,LET ME ***** *****   ****** YEP
derugzi,!play
algomires,!play
floshed_enthusiast,I hate censored music Mhm
mudknuckler,!play
roother_,!play
itzkirbytime,!play
ironhilt,!play
rangahhh73,!play
1hpwarrior,@Floshed_Enthusiast NODDERS
xxhel,!play
bxs__,@Floshed_Enthusiast Mhm
hazy_hobbit,!boost
icherish,!play ICU FLOATING
lendofoy,!play
angrycoconut,!play
derugzi,"@Floshed_Enthusiast Censored Music can be funny, like DMX with the dog barks"
kelvinandhobbes,NODDERS
floshed_enthusiast,Xxhel is here just in time for Kingdom Hearts pojjies
1hpwarrior,KH pogg
hazy_hobbit,!!shortcut
xxhel,true
gdplayour,!boost
hazy_hobbit,!teleport
icherish,!finish
i_rommel_i,!boost
floshed_enthusiast,@diaryofmatt nodd
i_rommel_i,!boost  a
floshed_enthusiast,that's his current OT game
el_duhammer,!boost
1hpwarrior,guys.. ima..!! AAAA
fenthule,almost Speedge
zantbolt,2nd? hell yeah
swollverine,Ayooo
floshed_enthusiast,WideJigglin My Salsa
floshed_enthusiast,boomm
bxs__,boomm
itehknique,ABDULpls
cascadecolin,boomm
aim120_amraam,boomm
vetricci,boomm
bxs__,boomm  ó €€
mr__note,boomm
floshed_enthusiast,any new emotes tonight? PauseHype @Luke_Fliegen
pokeypls,!today
nightbot,"Some kids make-a-wish wish is for Mammal to get a Tbow, and sadly mammal is failing that kid"
mr_mammal,!play
tw0pack_,!play ó €€
luke_fliegen,perhaps heHeh
xanhero,!play 5 ó €€
itzkirbytime,!play
toe_crocs,!play ó €€
floshed_enthusiast,!Play 2
kilbro6,!play
icyisfish,!play 4
dispursed,!play ó €€
lnseq,!PLAY 10
the_trevnado,!play 2
mynamesmc,!play ó €€
longbeard63,!play
kjellberg94,!play
rangahhh73,!play ó €€
pokeypls,!play
dixon_cidder419,!play
zantbolt,!play
cascadecolin,!play
artifactzerotv,!play
weakconnor,!play 7
chunkybirdy,!play 5
rune_pigeon,!play
rain976,!play 15
seanypilot,!play
ima_din0saur,!play ó €€
falky23,!play
unfv_,!play ó €€
big_fetz,!play 7
finalrarity,!play
descendencee,!play
thesaltiestpig,!play 7
myroflknife1,!play
tiny_dill_doe,!play
zelfrow,!play ó €€
vnibbsyv,!play 14
buffchicken,!play
mr_listerr,!play 12
kelvinandhobbes,!play
jcup431,!play ó €€
fierylegion,!play 15
soviet_squirel,!play 10
hazy_hobbit,!play
mythiczeta,!play 16
not_odarko,!play 4 ó €€
broseidon555,!play
exaration,!play 7
chainsham,!play
bxs__,@Floshed_Enthusiast https://7tv.app/emotes/6311514e6782c051da261c70 PauseHype
osrsbeertheseer,!play 12
atemefodinna,!play ó €€
bakeitpear,!play
senecal,!play 8
mkmb_rad,!Play 12
trazor22,!play 13
itsjustbologna,!play 9
life4nismo,!play
karppinen1997,!play
meatbagginz,!play
melotydg05,!play
buttvillain,!play 12
smokespell,!play 7
rngeesus47,!play
algomires,!play ó €€
thooob,!play
qsluck,!play 8
hell_nomad,!play
randygunk,!play
lem0nbud,!play
civiss,!play
gdplayour,!play
reyald_,!play 7
saintmaakari,!play
mrlintonator,!play
littleaddictions,!play 6
floshed_enthusiast,catPunchU @bxs__
itehknique,!play 15
dudekoetje,!play 15
ostracis_3rd,!play 15
juicesimpson,!play ó €€
bxs__,@Floshed_Enthusiast KEKW
mythiczeta,@bxs__ SusgeHammer
aim120_amraam,monkeNod
aim120_amraam,monkeNod  ó €€
scorchio96,!play
yankees1901,!play
aim120_amraam,monkeNod
jameslrdnr,!play 7
aim120_amraam,monkeNod  ó €€
aim120_amraam,monkeNod
aim120_amraam,monkeNod  ó €€
bxs__,!play
khester272,!play
common_bob,monkeNod
deaththeory,!play
common_bob,monkeNod
common_bob,monkeNod
common_bob,monkeNod
common_bob,monkeNod
common_bob,monkeNod
common_bob,monkeNod
meowhi,!play
cute_cat_videos,!play
luke_fliegen,@bxs__ what in the heavens
nightbot,Join Mr_Mammal's community Discord! https://discord.gg/McjBxxBBhV
joshuabrooke,!play ó €€
timshutdown,!play
khonshuuuu,!play ó €€
cyntal,!play
piron4,!play ó €€
longwoodlloyd,!play
pniss,!play
pro_golfer,!play
schmutzfanger,!play
dandiestmcgee,!play 73
subnet_rs,!play
thatsalotoflemons,!play 15
floshed_enthusiast,@dandiestmcgee ðŸ˜‚
curseoflongevity,!play
lantagonist,!play 12
dyslexics8n,!play ó €€
niiroxis,!play
pro_golfer,!today
nightbot,"Some kids make-a-wish wish is for Mammal to get a Tbow, and sadly mammal is failing that kid"
luke_fliegen,@bxs__ why does poisonedpotion have that emote Smadge
el_duhammer,!play
wowitznemo,!play
pniss,!play
timex1,!play
das_colbert,!play
jerbear1294,!play
bxs__,@Luke_Fliegen good question x0r6ztGiggle
obsidian_liger,!play 4
zombietaint,!play
ohreeoo,!play
common_bob,!play 3
flat_taco,!play
nostironrs,!play
wusupgirl,!play
hazy_ipas,!play 6
alvaroosrs,!play
0iqbtw,!play 6
big_fetz,!play 7
reyald_,!play
megawheats,!play
endsinfear,!play
tegrebs,!play
castbybronzies,!play 7
scumbagsensei,!play ó €€
distortion4601,!play
anderzztv,!play
xanhero,!play 5
burlybrawler,!play
im_artn,ill let the other chatters have more fun
mr_listerr,!play 12
ragnarokz,!play
tw0pack_,!play
alched_my_mom,!play
ekuldan,!play
unfv_,!play
dixon_cidder419,!play
seanypilot,!play
manaboy56,!play 6
frostedlord,!play
zantbolt,!play 7
silentspaz91,!play
holden_pa,!play
themiddleman36,!play
doublemaltz,!play 15
floshed_enthusiast,more boomm
toasted17tv,!play
triplezero101,!play
ostracis_3rd,not sure if ive ever seen mr mammals marble before
rain976,!boost
doublemaltz,!today
nightbot,"Some kids make-a-wish wish is for Mammal to get a Tbow, and sadly mammal is failing that kid"
zelfrow,!boost
yayfiber,!sabotage
uglygardens,Did he give an update on his cat?
floshed_enthusiast,she's doing better @UglyGardens
uglygardens,cool beans
hazy_hobbit,shit makes me want to watch 8 mile now
megawheats,Jamgie
killerspy120,!play
bootheblunts,!play
